Metric,Value
Total Sales,2261536.7827000003
Average Sales,230.7690594591837
Maximum Sales,22638.48
Minimum Sales,0.444
